Exp.,Ising,Exp. Std.,Ising Std.
0.11983471074380166,0.133404,0.004132231404958678,0.052173059944764594
0.8801652892561984,0.8665959999999999,0.0041322314049587194,0.052173059944764594
